{"cameraMode":{"drawMode":0,"name":"Shaded","section":"Shading Mode"},"sceneLighting":true,"audioPlay":false,"sceneViewState":{"m_AlwaysRefresh":false,"showFog":true,"showSkybox":true,"showFlares":true,"showImageEffects":true,"showParticleSystems":true,"showVisualEffectGraphs":true,"m_FxEnabled":true},"in2DMode":false,"pivot":{"x":1.4820423126220704,"y":-1.196481704711914,"z":7.2152862548828129},"rotation":{"x":0.27369141578674319,"y":-0.6424760222434998,"z":0.2643137276172638,"w":0.6652114391326904},"size":15.645305633544922,"orthographic":false}