{"cameraMode":{"drawMode":0,"name":"Shaded","section":"Shading Mode"},"sceneLighting":true,"audioPlay":false,"sceneViewState":{"m_AlwaysRefresh":false,"showFog":true,"showSkybox":true,"showFlares":true,"showImageEffects":true,"showParticleSystems":true,"showVisualEffectGraphs":true,"m_FxEnabled":true},"in2DMode":false,"pivot":{"x":0.13544607162475587,"y":-0.5968494415283203,"z":24.563373565673829},"rotation":{"x":0.34436726570129397,"y":-0.6165892481803894,"z":0.3427127003669739,"w":0.6195381283760071},"size":25.19477653503418,"orthographic":false}